year,country,region,total_year
2011,Afghanistan,Asia,111
2011,Albania,Europe,258
2011,Algeria,Africa,36
2011,Angola,Africa,28
2011,Antigua and Barbuda,North America,47
2011,Argentina,South America,421
2011,Armenia,Asia,232
2011,Australia,Oceania,75
2011,Austria,Europe,23
2011,Azerbaijan,Asia,37
2011,Bahamas,North America,311
2011,BanglaDesh,Asia,272
2011,Barbados,North America,77
2011,Belarus,Europe,58
2011,Belgium,Europe,35
2011,Belize,North America,361
2011,Benin,Africa,18
2011,Bhutan,Asia,6
2011,Bolivia,South America,387
2011,Bosnia and Herzegovina,Europe,201
2011,Brazil,South America,3228
2011,Bulgaria,Europe,95
2011,Burkina Faso,Africa,20
2011,Burma,Asia,35
2011,Burundi,Africa,17
2011,Cabo VerDe,Africa,105
2011,Cambodia,Asia,347
2011,Cameroon,Africa,164
2011,Canada,North America,1131
2011,Central African Republic,Africa,10
2011,Chad,Africa,8
2011,Chile,South America,248
2011,"China, People's Republic",Asia,2604
2011,Colombia,South America,2755
2011,"Congo, Democratic Republic",Africa,26
2011,"Congo, Republic",Africa,63
2011,Costa Rica,North America,503
2011,Cote D'Ivoire,Africa,102
2011,Croatia,Europe,31
2011,Cuba,North America,4801
2011,Czechia,Europe,71
2011,Czechoslovakia (former),Europe,21
2011,Dominica,North America,65
2011,Dominican Republic,North America,4433
2011,Ecuador,South America,3298
2011,Egypt,Africa,237
2011,El Salvador,North America,27652
2011,Eritrea,Africa,63
2011,Estonia,Europe,35
2011,Ethiopia,Africa,219
2011,Fiji,Oceania,87
2011,France,Europe,145
2011,Gabon,Africa,13
2011,Gambia,Africa,148
2011,Georgia,Asia,101
2011,Germany,Europe,198
2011,Ghana,Africa,435
2011,Greece,Europe,48
2011,Grenada,North America,61
2011,Guatemala,North America,41708
2011,Guinea,Oceania,147
2011,Guyana,South America,411
2011,Haiti,North America,1351
2011,Honduras,North America,31189
2011,Hungary,Europe,106
2011,India,Asia,3859
2011,Indonesia,Oceania,327
2011,Iran,Asia,305
2011,Iraq,Asia,285
2011,Ireland,Europe,88
2011,Israel,Asia,254
2011,Italy,Europe,149
2011,Jamaica,North America,2862
2011,Japan,Asia,63
2011,Jordan,Asia,305
2011,Kazakhstan,Asia,117
2011,Kenya,Africa,539
2011,"Korea, South",Asia,714
2011,Kosovo,Europe,36
2011,Kuwait,Asia,23
2011,Kyrgyzstan,Asia,44
2011,Laos,Asia,758
2011,Latvia,Europe,38
2011,Lebanon,Asia,171
2011,Liberia,Africa,309
2011,Libya,Africa,24
2011,Lithuania,Europe,77
2011,Malawi,Africa,21
2011,Malaysia,Asia,53
2011,Mali,Africa,112
2011,Marshall Islands,Oceania,21
2011,Mauritania,Africa,70
2011,Mexico,North America,517472
2011,"Micronesia, FeDerated States",Oceania,106
2011,Moldova,Europe,144
2011,Mongolia,Asia,129
2011,Montenegro,Europe,11
2011,Morocco,Africa,173
2011,Nepal,Asia,180
2011,Netherlands,Europe,85
2011,New Zealand,Oceania,63
2011,Nicaragua,North America,2278
2011,Niger,Africa,48
2011,Nigeria,Africa,633
2011,North Macedonia,Europe,51
2011,Pakistan,Asia,538
2011,Palau,Oceania,20
2011,Panama,North America,226
2011,Paraguay,South America,35
2011,Peru,South America,1741
2011,Philippines,Asia,1135
2011,Poland,Europe,519
2011,Portugal,Europe,194
2011,Romania,Europe,869
2011,Russia,Europe,526
2011,Rwanda,Africa,19
2011,Saint Kitts and Nevis,North America,46
2011,Saint Lucia,North America,58
2011,Saint Vincent and the Grenadines,North America,50
2011,Samoa,Oceania,36
2011,Saudi Arabia,Asia,127
2011,Senegal,Africa,158
2011,Serbia,Europe,22
2011,Serbia and Montenegro (former),Europe,142
2011,Sierra Leone,Africa,171
2011,Singapore,Asia,12
2011,Slovakia,Europe,29
2011,Somalia,Africa,336
2011,South Africa,Africa,123
2011,South Sudan,Africa,0
2011,Soviet Union (former),Europe,92
2011,Spain,Europe,126
2011,Sri Lanka,Asia,316
2011,Sudan,Africa,226
2011,Suriname,South America,19
2011,SweDen,Europe,42
2011,Switzerland,Europe,19
2011,Syria,Asia,114
2011,Taiwan,Asia,75
2011,Tajikistan,Asia,82
2011,Tanzania,Africa,64
2011,Thailand,Asia,257
2011,Togo,Africa,43
2011,Tonga,Oceania,82
2011,Trinidad and Tobago,South America,596
2011,Tunisia,Africa,43
2011,Turkey,Europe,224
2011,Turkmenistan,Asia,8
2011,Uganda,Africa,66
2011,Ukraine,Europe,393
2011,United Arab Emirates,Asia,0
2011,United KingDom,Europe,581
2011,Uruguay,South America,239
2011,Uzbekistan,Asia,135
2011,Venezuela,South America,575
2011,Vietnam,Asia,1413
2011,Yemen,Asia,86
2011,Zambia,Africa,49
2011,Zimbabwe,Africa,88
2011,All other countries,Unknown,98
2011,Unknown,Unknown,793
2011,Total,,678606
2012,Afghanistan,Asia,98
2012,Albania,Europe,277
2012,Algeria,Africa,42
2012,Angola,Africa,22
2012,Antigua and Barbuda,North America,56
2012,Argentina,South America,324
2012,Armenia,Asia,217
2012,Australia,Oceania,55
2012,Austria,Europe,12
2012,Azerbaijan,Asia,29
2012,Bahamas,North America,275
2012,BanglaDesh,Asia,262
2012,Barbados,North America,80
2012,Belarus,Europe,51
2012,Belgium,Europe,17
2012,Belize,North America,316
2012,Benin,Africa,11
2012,Bhutan,Asia,5
2012,Bolivia,South America,290
2012,Bosnia and Herzegovina,Europe,198
2012,Brazil,South America,2433
2012,Bulgaria,Europe,110
2012,Burkina Faso,Africa,29
2012,Burma,Asia,54
2012,Burundi,Africa,27
2012,Cabo VerDe,Africa,110
2012,Cambodia,Asia,268
2012,Cameroon,Africa,130
2012,Canada,North America,1172
2012,Central African Republic,Africa,9
2012,Chad,Africa,7
2012,Chile,South America,193
2012,"China, People's Republic",Asia,2435
2012,Colombia,South America,2201
2012,"Congo, Democratic Republic",Africa,28
2012,"Congo, Republic",Africa,75
2012,Costa Rica,North America,518
2012,Cote D'Ivoire,Africa,112
2012,Croatia,Europe,31
2012,Cuba,North America,4121
2012,Czechia,Europe,68
2012,Czechoslovakia (former),Europe,20
2012,Dominica,North America,41
2012,Dominican Republic,North America,4506
2012,Ecuador,South America,4374
2012,Egypt,Africa,190
2012,El Salvador,North America,38976
2012,Eritrea,Africa,37
2012,Estonia,Europe,30
2012,Ethiopia,Africa,220
2012,Fiji,Oceania,79
2012,France,Europe,131
2012,Gabon,Africa,13
2012,Gambia,Africa,119
2012,Georgia,Asia,58
2012,Germany,Europe,186
2012,Ghana,Africa,340
2012,Greece,Europe,34
2012,Grenada,North America,35
2012,Guatemala,North America,57486
2012,Guinea,Oceania,142
2012,Guyana,South America,360
2012,Haiti,North America,1492
2012,Honduras,North America,50771
2012,Hungary,Europe,111
2012,India,Asia,1566
2012,Indonesia,Oceania,219
2012,Iran,Asia,301
2012,Iraq,Asia,244
2012,Ireland,Europe,89
2012,Israel,Asia,192
2012,Italy,Europe,153
2012,Jamaica,North America,2655
2012,Japan,Asia,59
2012,Jordan,Asia,281
2012,Kazakhstan,Asia,108
2012,Kenya,Africa,494
2012,"Korea, South",Asia,627
2012,Kosovo,Europe,26
2012,Kuwait,Asia,22
2012,Kyrgyzstan,Asia,40
2012,Laos,Asia,754
2012,Latvia,Europe,35
2012,Lebanon,Asia,128
2012,Liberia,Africa,314
2012,Libya,Africa,23
2012,Lithuania,Europe,84
2012,Malawi,Africa,14
2012,Malaysia,Asia,49
2012,Mali,Africa,100
2012,Marshall Islands,Oceania,28
2012,Mauritania,Africa,55
2012,Mexico,North America,468766
2012,"Micronesia, FeDerated States",Oceania,106
2012,Moldova,Europe,93
2012,Mongolia,Asia,95
2012,Montenegro,Europe,18
2012,Morocco,Africa,149
2012,Nepal,Asia,248
2012,Netherlands,Europe,68
2012,New Zealand,Oceania,35
2012,Nicaragua,North America,2532
2012,Niger,Africa,50
2012,Nigeria,Africa,543
2012,North Macedonia,Europe,43
2012,Pakistan,Asia,470
2012,Palau,Oceania,26
2012,Panama,North America,197
2012,Paraguay,South America,33
2012,Peru,South America,1588
2012,Philippines,Asia,927
2012,Poland,Europe,494
2012,Portugal,Europe,215
2012,Romania,Europe,1220
2012,Russia,Europe,414
2012,Rwanda,Africa,13
2012,Saint Kitts and Nevis,North America,49
2012,Saint Lucia,North America,57
2012,Saint Vincent and the Grenadines,North America,41
2012,Samoa,Oceania,32
2012,Saudi Arabia,Asia,198
2012,Senegal,Africa,164
2012,Serbia,Europe,13
2012,Serbia and Montenegro (former),Europe,86
2012,Sierra Leone,Africa,162
2012,Singapore,Asia,7
2012,Slovakia,Europe,44
2012,Somalia,Africa,316
2012,South Africa,Africa,95
2012,South Sudan,Africa,3
2012,Soviet Union (former),Europe,115
2012,Spain,Europe,139
2012,Sri Lanka,Asia,223
2012,Sudan,Africa,253
2012,Suriname,South America,20
2012,SweDen,Europe,33
2012,Switzerland,Europe,14
2012,Syria,Asia,57
2012,Taiwan,Asia,46
2012,Tajikistan,Asia,51
2012,Tanzania,Africa,73
2012,Thailand,Asia,276
2012,Togo,Africa,46
2012,Tonga,Oceania,86
2012,Trinidad and Tobago,South America,498
2012,Tunisia,Africa,33
2012,Turkey,Europe,265
2012,Turkmenistan,Asia,10
2012,Uganda,Africa,44
2012,Ukraine,Europe,394
2012,United Arab Emirates,Asia,10
2012,United KingDom,Europe,516
2012,Uruguay,South America,144
2012,Uzbekistan,Asia,129
2012,Venezuela,South America,547
2012,Vietnam,Asia,1313
2012,Yemen,Asia,69
2012,Zambia,Africa,50
2012,Zimbabwe,Africa,63
2012,All other countries,Unknown,97
2012,Unknown,Unknown,924
2012,Total,,671327
2013,Afghanistan,Asia,70
2013,Albania,Europe,423
2013,Algeria,Africa,27
2013,Angola,Africa,16
2013,Antigua and Barbuda,North America,40
2013,Argentina,South America,235
2013,Armenia,Asia,141
2013,Australia,Oceania,69
2013,Austria,Europe,14
2013,Azerbaijan,Asia,36
2013,Bahamas,North America,288
2013,BanglaDesh,Asia,366
2013,Barbados,North America,45
2013,Belarus,Europe,42
2013,Belgium,Europe,25
2013,Belize,North America,293
2013,Benin,Africa,9
2013,Bhutan,Asia,5
2013,Bolivia,South America,226
2013,Bosnia and Herzegovina,Europe,179
2013,Brazil,South America,1702
2013,Bulgaria,Europe,52
2013,Burkina Faso,Africa,19
2013,Burma,Asia,48
2013,Burundi,Africa,21
2013,Cabo VerDe,Africa,66
2013,Cambodia,Asia,204
2013,Cameroon,Africa,102
2013,Canada,North America,822
2013,Central African Republic,Africa,14
2013,Chad,Africa,12
2013,Chile,South America,128
2013,"China, People's Republic",Asia,1992
2013,Colombia,South America,1987
2013,"Congo, Democratic Republic",Africa,28
2013,"Congo, Republic",Africa,39
2013,Costa Rica,North America,409
2013,Cote D'Ivoire,Africa,80
2013,Croatia,Europe,29
2013,Cuba,North America,2809
2013,Czechia,Europe,56
2013,Czechoslovakia (former),Europe,15
2013,Dominica,North America,41
2013,Dominican Republic,North America,3893
2013,Ecuador,South America,5680
2013,Egypt,Africa,192
2013,El Salvador,North America,51226
2013,Eritrea,Africa,40
2013,Estonia,Europe,18
2013,Ethiopia,Africa,144
2013,Fiji,Oceania,67
2013,France,Europe,107
2013,Gabon,Africa,10
2013,Gambia,Africa,100
2013,Georgia,Asia,65
2013,Germany,Europe,153
2013,Ghana,Africa,272
2013,Greece,Europe,29
2013,Grenada,North America,44
2013,Guatemala,North America,73208
2013,Guinea,Oceania,112
2013,Guyana,South America,292
2013,Haiti,North America,1992
2013,Honduras,North America,64157
2013,Hungary,Europe,88
2013,India,Asia,1791
2013,Indonesia,Oceania,126
2013,Iran,Asia,257
2013,Iraq,Asia,169
2013,Ireland,Europe,70
2013,Israel,Asia,213
2013,Italy,Europe,138
2013,Jamaica,North America,2147
2013,Japan,Asia,47
2013,Jordan,Asia,198
2013,Kazakhstan,Asia,71
2013,Kenya,Africa,341
2013,"Korea, South",Asia,470
2013,Kosovo,Europe,30
2013,Kuwait,Asia,26
2013,Kyrgyzstan,Asia,89
2013,Laos,Asia,561
2013,Latvia,Europe,36
2013,Lebanon,Asia,103
2013,Liberia,Africa,231
2013,Libya,Africa,16
2013,Lithuania,Europe,65
2013,Malawi,Africa,10
2013,Malaysia,Asia,31
2013,Mali,Africa,83
2013,Marshall Islands,Oceania,35
2013,Mauritania,Africa,57
2013,Mexico,North America,424978
2013,"Micronesia, FeDerated States",Oceania,113
2013,Moldova,Europe,93
2013,Mongolia,Asia,66
2013,Montenegro,Europe,6
2013,Morocco,Africa,135
2013,Nepal,Asia,448
2013,Netherlands,Europe,65
2013,New Zealand,Oceania,30
2013,Nicaragua,North America,2712
2013,Niger,Africa,39
2013,Nigeria,Africa,492
2013,North Macedonia,Europe,30
2013,Pakistan,Asia,334
2013,Palau,Oceania,21
2013,Panama,North America,184
2013,Paraguay,South America,30
2013,Peru,South America,1682
2013,Philippines,Asia,721
2013,Poland,Europe,328
2013,Portugal,Europe,131
2013,Romania,Europe,865
2013,Russia,Europe,320
2013,Rwanda,Africa,21
2013,Saint Kitts and Nevis,North America,32
2013,Saint Lucia,North America,45
2013,Saint Vincent and the Grenadines,North America,43
2013,Samoa,Oceania,37
2013,Saudi Arabia,Asia,264
2013,Senegal,Africa,132
2013,Serbia,Europe,35
2013,Serbia and Montenegro (former),Europe,64
2013,Sierra Leone,Africa,145
2013,Singapore,Asia,16
2013,Slovakia,Europe,23
2013,Somalia,Africa,214
2013,South Africa,Africa,79
2013,South Sudan,Africa,42
2013,Soviet Union (former),Europe,89
2013,Spain,Europe,98
2013,Sri Lanka,Asia,134
2013,Sudan,Africa,168
2013,Suriname,South America,15
2013,SweDen,Europe,27
2013,Switzerland,Europe,11
2013,Syria,Asia,72
2013,Taiwan,Asia,55
2013,Tajikistan,Asia,33
2013,Tanzania,Africa,72
2013,Thailand,Asia,246
2013,Togo,Africa,20
2013,Tonga,Oceania,49
2013,Trinidad and Tobago,South America,419
2013,Tunisia,Africa,24
2013,Turkey,Europe,216
2013,Turkmenistan,Asia,4
2013,Uganda,Africa,49
2013,Ukraine,Europe,290
2013,United Arab Emirates,Asia,11
2013,United KingDom,Europe,437
2013,Uruguay,South America,116
2013,Uzbekistan,Asia,116
2013,Venezuela,South America,366
2013,Vietnam,Asia,875
2013,Yemen,Asia,68
2013,Zambia,Africa,31
2013,Zimbabwe,Africa,48
2013,All other countries,Unknown,63
2013,Unknown,Unknown,722
2013,Total,,662483
2014,Afghanistan,Asia,66
2014,Albania,Europe,408
2014,Algeria,Africa,42
2014,Angola,Africa,13
2014,Antigua and Barbuda,North America,31
2014,Argentina,South America,212
2014,Armenia,Asia,161
2014,Australia,Oceania,50
2014,Austria,Europe,5
2014,Azerbaijan,Asia,38
2014,Bahamas,North America,196
2014,BanglaDesh,Asia,476
2014,Barbados,North America,47
2014,Belarus,Europe,20
2014,Belgium,Europe,13
2014,Belize,North America,258
2014,Benin,Africa,10
2014,Bhutan,Asia,7
2014,Bolivia,South America,194
2014,Bosnia and Herzegovina,Europe,131
2014,Brazil,South America,1643
2014,Bulgaria,Europe,49
2014,Burkina Faso,Africa,17
2014,Burma,Asia,48
2014,Burundi,Africa,22
2014,Cabo VerDe,Africa,35
2014,Cambodia,Asia,147
2014,Cameroon,Africa,70
2014,Canada,North America,775
2014,Central African Republic,Africa,8
2014,Chad,Africa,13
2014,Chile,South America,116
2014,"China, People's Republic",Asia,2631
2014,Colombia,South America,1522
2014,"Congo, Democratic Republic",Africa,31
2014,"Congo, Republic",Africa,26
2014,Costa Rica,North America,378
2014,Cote D'Ivoire,Africa,45
2014,Croatia,Europe,13
2014,Cuba,North America,2872
2014,Czechia,Europe,35
2014,Czechoslovakia (former),Europe,12
2014,Dominica,North America,24
2014,Dominican Republic,North America,3455
2014,Ecuador,South America,6276
2014,Egypt,Africa,181
2014,El Salvador,North America,79321
2014,Eritrea,Africa,52
2014,Estonia,Europe,16
2014,Ethiopia,Africa,152
2014,Fiji,Oceania,35
2014,France,Europe,107
2014,Gabon,Africa,15
2014,Gambia,Africa,69
2014,Georgia,Asia,52
2014,Germany,Europe,103
2014,Ghana,Africa,212
2014,Greece,Europe,35
2014,Grenada,North America,33
2014,Guatemala,North America,97151
2014,Guinea,Oceania,69
2014,Guyana,South America,248
2014,Haiti,North America,1810
2014,Honduras,North America,106928
2014,Hungary,Europe,76
2014,India,Asia,2106
2014,Indonesia,Oceania,102
2014,Iran,Asia,223
2014,Iraq,Asia,173
2014,Ireland,Europe,47
2014,Israel,Asia,303
2014,Italy,Europe,116
2014,Jamaica,North America,1677
2014,Japan,Asia,43
2014,Jordan,Asia,282
2014,Kazakhstan,Asia,75
2014,Kenya,Africa,423
2014,"Korea, South",Asia,349
2014,Kosovo,Europe,17
2014,Kuwait,Asia,22
2014,Kyrgyzstan,Asia,52
2014,Laos,Asia,335
2014,Latvia,Europe,41
2014,Lebanon,Asia,117
2014,Liberia,Africa,176
2014,Libya,Africa,36
2014,Lithuania,Europe,48
2014,Malawi,Africa,13
2014,Malaysia,Asia,30
2014,Mali,Africa,89
2014,Marshall Islands,Oceania,66
2014,Mauritania,Africa,25
2014,Mexico,North America,350177
2014,"Micronesia, FeDerated States",Oceania,95
2014,Moldova,Europe,57
2014,Mongolia,Asia,52
2014,Montenegro,Europe,11
2014,Morocco,Africa,135
2014,Nepal,Asia,555
2014,Netherlands,Europe,51
2014,New Zealand,Oceania,34
2014,Nicaragua,North America,2912
2014,Niger,Africa,34
2014,Nigeria,Africa,396
2014,North Macedonia,Europe,22
2014,Pakistan,Asia,350
2014,Palau,Oceania,23
2014,Panama,North America,100
2014,Paraguay,South America,16
2014,Peru,South America,1568
2014,Philippines,Asia,592
2014,Poland,Europe,266
2014,Portugal,Europe,91
2014,Romania,Europe,1038
2014,Russia,Europe,262
2014,Rwanda,Africa,12
2014,Saint Kitts and Nevis,North America,20
2014,Saint Lucia,North America,44
2014,Saint Vincent and the Grenadines,North America,31
2014,Samoa,Oceania,20
2014,Saudi Arabia,Asia,226
2014,Senegal,Africa,98
2014,Serbia,Europe,40
2014,Serbia and Montenegro (former),Europe,58
2014,Sierra Leone,Africa,96
2014,Singapore,Asia,9
2014,Slovakia,Europe,28
2014,Somalia,Africa,169
2014,South Africa,Africa,63
2014,South Sudan,Africa,21
2014,Soviet Union (former),Europe,64
2014,Spain,Europe,129
2014,Sri Lanka,Asia,95
2014,Sudan,Africa,132
2014,Suriname,South America,8
2014,SweDen,Europe,24
2014,Switzerland,Europe,12
2014,Syria,Asia,61
2014,Taiwan,Asia,35
2014,Tajikistan,Asia,35
2014,Tanzania,Africa,129
2014,Thailand,Asia,197
2014,Togo,Africa,23
2014,Tonga,Oceania,44
2014,Trinidad and Tobago,South America,303
2014,Tunisia,Africa,46
2014,Turkey,Europe,243
2014,Turkmenistan,Asia,9
2014,Uganda,Africa,28
2014,Ukraine,Europe,183
2014,United Arab Emirates,Asia,9
2014,United KingDom,Europe,295
2014,Uruguay,South America,91
2014,Uzbekistan,Asia,109
2014,Venezuela,South America,280
2014,Vietnam,Asia,634
2014,Yemen,Asia,67
2014,Zambia,Africa,27
2014,Zimbabwe,Africa,36
2014,All other countries,Unknown,61
2014,Unknown,Unknown,523
2014,Total,,679996
2015,Afghanistan,Asia,71
2015,Albania,Europe,91
2015,Algeria,Africa,26
2015,Angola,Africa,11
2015,Antigua and Barbuda,North America,21
2015,Argentina,South America,123
2015,Armenia,Asia,88
2015,Australia,Oceania,30
2015,Austria,Europe,9
2015,Azerbaijan,Asia,23
2015,Bahamas,North America,185
2015,BanglaDesh,Asia,467
2015,Barbados,North America,28
2015,Belarus,Europe,15
2015,Belgium,Europe,11
2015,Belize,North America,140
2015,Benin,Africa,19
2015,Bhutan,Asia,22
2015,Bolivia,South America,116
2015,Bosnia and Herzegovina,Europe,115
2015,Brazil,South America,1911
2015,Bulgaria,Europe,36
2015,Burkina Faso,Africa,6
2015,Burma,Asia,47
2015,Burundi,Africa,9
2015,Cabo VerDe,Africa,32
2015,Cambodia,Asia,130
2015,Cameroon,Africa,47
2015,Canada,North America,648
2015,Central African Republic,Africa,0
2015,Chad,Africa,8
2015,Chile,South America,82
2015,"China, People's Republic",Asia,1894
2015,Colombia,South America,1351
2015,"Congo, Democratic Republic",Africa,17
2015,"Congo, Republic",Africa,13
2015,Costa Rica,North America,213
2015,Cote D'Ivoire,Africa,34
2015,Croatia,Europe,16
2015,Cuba,North America,2281
2015,Czechia,Europe,23
2015,Czechoslovakia (former),Europe,7
2015,Dominica,North America,15
2015,Dominican Republic,North America,2797
2015,Ecuador,South America,3438
2015,Egypt,Africa,147
2015,El Salvador,North America,51200
2015,Eritrea,Africa,45
2015,Estonia,Europe,12
2015,Ethiopia,Africa,93
2015,Fiji,Oceania,22
2015,France,Europe,42
2015,Gabon,Africa,0
2015,Gambia,Africa,33
2015,Georgia,Asia,29
2015,Germany,Europe,79
2015,Ghana,Africa,138
2015,Greece,Europe,13
2015,Grenada,North America,24
2015,Guatemala,North America,66982
2015,Guinea,Oceania,34
2015,Guyana,South America,196
2015,Haiti,North America,1124
2015,Honduras,North America,42433
2015,Hungary,Europe,54
2015,India,Asia,2967
2015,Indonesia,Oceania,52
2015,Iran,Asia,154
2015,Iraq,Asia,152
2015,Ireland,Europe,29
2015,Israel,Asia,235
2015,Italy,Europe,86
2015,Jamaica,North America,1176
2015,Japan,Asia,18
2015,Jordan,Asia,293
2015,Kazakhstan,Asia,45
2015,Kenya,Africa,415
2015,"Korea, South",Asia,255
2015,Kosovo,Europe,20
2015,Kuwait,Asia,34
2015,Kyrgyzstan,Asia,40
2015,Laos,Asia,184
2015,Latvia,Europe,39
2015,Lebanon,Asia,94
2015,Liberia,Africa,143
2015,Libya,Africa,22
2015,Lithuania,Europe,27
2015,Malawi,Africa,7
2015,Malaysia,Asia,14
2015,Mali,Africa,40
2015,Marshall Islands,Oceania,34
2015,Mauritania,Africa,14
2015,Mexico,North America,267885
2015,"Micronesia, FeDerated States",Oceania,80
2015,Moldova,Europe,63
2015,Mongolia,Asia,27
2015,Montenegro,Europe,9
2015,Morocco,Africa,96
2015,Nepal,Asia,443
2015,Netherlands,Europe,47
2015,New Zealand,Oceania,23
2015,Nicaragua,North America,1577
2015,Niger,Africa,24
2015,Nigeria,Africa,274
2015,North Macedonia,Europe,19
2015,Pakistan,Asia,287
2015,Palau,Oceania,10
2015,Panama,North America,92
2015,Paraguay,South America,8
2015,Peru,South America,827
2015,Philippines,Asia,334
2015,Poland,Europe,205
2015,Portugal,Europe,57
2015,Romania,Europe,537
2015,Russia,Europe,159
2015,Rwanda,Africa,14
2015,Saint Kitts and Nevis,North America,21
2015,Saint Lucia,North America,30
2015,Saint Vincent and the Grenadines,North America,15
2015,Samoa,Oceania,11
2015,Saudi Arabia,Asia,276
2015,Senegal,Africa,41
2015,Serbia,Europe,20
2015,Serbia and Montenegro (former),Europe,29
2015,Sierra Leone,Africa,65
2015,Singapore,Asia,0
2015,Slovakia,Europe,15
2015,Somalia,Africa,131
2015,South Africa,Africa,43
2015,South Sudan,Africa,14
2015,Soviet Union (former),Europe,19
2015,Spain,Europe,84
2015,Sri Lanka,Asia,128
2015,Sudan,Africa,81
2015,Suriname,South America,8
2015,SweDen,Europe,14
2015,Switzerland,Europe,3
2015,Syria,Asia,57
2015,Taiwan,Asia,38
2015,Tajikistan,Asia,36
2015,Tanzania,Africa,42
2015,Thailand,Asia,84
2015,Togo,Africa,10
2015,Tonga,Oceania,26
2015,Trinidad and Tobago,South America,195
2015,Tunisia,Africa,31
2015,Turkey,Europe,194
2015,Turkmenistan,Asia,11
2015,Uganda,Africa,14
2015,Ukraine,Europe,154
2015,United Arab Emirates,Asia,8
2015,United KingDom,Europe,231
2015,Uruguay,South America,44
2015,Uzbekistan,Asia,73
2015,Venezuela,South America,180
2015,Vietnam,Asia,433
2015,Yemen,Asia,71
2015,Zambia,Africa,19
2015,Zimbabwe,Africa,22
2015,All other countries,Unknown,49
2015,Unknown,Unknown,261
2015,Total,,462388
2016,Afghanistan,Asia,84
2016,Albania,Europe,152
2016,Algeria,Africa,38
2016,Angola,Africa,6
2016,Antigua and Barbuda,North America,16
2016,Argentina,South America,82
2016,Armenia,Asia,87
2016,Australia,Oceania,21
2016,Austria,Europe,4
2016,Azerbaijan,Asia,22
2016,Bahamas,North America,151
2016,BanglaDesh,Asia,796
2016,Barbados,North America,20
2016,Belarus,Europe,18
2016,Belgium,Europe,15
2016,Belize,North America,150
2016,Benin,Africa,8
2016,Bhutan,Asia,14
2016,Bolivia,South America,107
2016,Bosnia and Herzegovina,Europe,103
2016,Brazil,South America,3738
2016,Bulgaria,Europe,28
2016,Burkina Faso,Africa,15
2016,Burma,Asia,56
2016,Burundi,Africa,20
2016,Cabo VerDe,Africa,34
2016,Cambodia,Asia,203
2016,Cameroon,Africa,54
2016,Canada,North America,509
2016,Central African Republic,Africa,6
2016,Chad,Africa,5
2016,Chile,South America,87
2016,"China, People's Republic",Asia,3219
2016,Colombia,South America,1209
2016,"Congo, Democratic Republic",Africa,39
2016,"Congo, Republic",Africa,29
2016,Costa Rica,North America,214
2016,Cote D'Ivoire,Africa,17
2016,Croatia,Europe,5
2016,Cuba,North America,3061
2016,Czechia,Europe,26
2016,Czechoslovakia (former),Europe,6
2016,Dominica,North America,18
2016,Dominican Republic,North America,2770
2016,Ecuador,South America,3472
2016,Egypt,Africa,117
2016,El Salvador,North America,78983
2016,Eritrea,Africa,33
2016,Estonia,Europe,12
2016,Ethiopia,Africa,70
2016,Fiji,Oceania,22
2016,France,Europe,52
2016,Gabon,Africa,3
2016,Gambia,Africa,41
2016,Georgia,Asia,50
2016,Germany,Europe,87
2016,Ghana,Africa,174
2016,Greece,Europe,28
2016,Grenada,North America,13
2016,Guatemala,North America,84649
2016,Guinea,Oceania,49
2016,Guyana,South America,142
2016,Haiti,North America,1113
2016,Honduras,North America,61222
2016,Hungary,Europe,42
2016,India,Asia,4123
2016,Indonesia,Oceania,39
2016,Iran,Asia,111
2016,Iraq,Asia,156
2016,Ireland,Europe,37
2016,Israel,Asia,92
2016,Italy,Europe,81
2016,Jamaica,North America,1012
2016,Japan,Asia,11
2016,Jordan,Asia,167
2016,Kazakhstan,Asia,25
2016,Kenya,Africa,189
2016,"Korea, South",Asia,188
2016,Kosovo,Europe,38
2016,Kuwait,Asia,18
2016,Kyrgyzstan,Asia,18
2016,Laos,Asia,194
2016,Latvia,Europe,10
2016,Lebanon,Asia,58
2016,Liberia,Africa,152
2016,Libya,Africa,16
2016,Lithuania,Europe,24
2016,Malawi,Africa,6
2016,Malaysia,Asia,9
2016,Mali,Africa,32
2016,Marshall Islands,Oceania,26
2016,Mauritania,Africa,12
2016,Mexico,North America,265747
2016,"Micronesia, FeDerated States",Oceania,88
2016,Moldova,Europe,37
2016,Mongolia,Asia,27
2016,Montenegro,Europe,7
2016,Morocco,Africa,61
2016,Nepal,Asia,580
2016,Netherlands,Europe,22
2016,New Zealand,Oceania,12
2016,Nicaragua,North America,1756
2016,Niger,Africa,11
2016,Nigeria,Africa,253
2016,North Macedonia,Europe,22
2016,Pakistan,Asia,522
2016,Palau,Oceania,20
2016,Panama,North America,95
2016,Paraguay,South America,14
2016,Peru,South America,799
2016,Philippines,Asia,263
2016,Poland,Europe,136
2016,Portugal,Europe,58
2016,Romania,Europe,2167
2016,Russia,Europe,128
2016,Rwanda,Africa,14
2016,Saint Kitts and Nevis,North America,7
2016,Saint Lucia,North America,21
2016,Saint Vincent and the Grenadines,North America,17
2016,Samoa,Oceania,25
2016,Saudi Arabia,Asia,189
2016,Senegal,Africa,62
2016,Serbia,Europe,19
2016,Serbia and Montenegro (former),Europe,21
2016,Sierra Leone,Africa,44
2016,Singapore,Asia,7
2016,Slovakia,Europe,8
2016,Somalia,Africa,164
2016,South Africa,Africa,34
2016,South Sudan,Africa,19
2016,Soviet Union (former),Europe,23
2016,Spain,Europe,62
2016,Sri Lanka,Asia,57
2016,Sudan,Africa,86
2016,Suriname,South America,6
2016,SweDen,Europe,17
2016,Switzerland,Europe,6
2016,Syria,Asia,44
2016,Taiwan,Asia,34
2016,Tajikistan,Asia,16
2016,Tanzania,Africa,26
2016,Thailand,Asia,64
2016,Togo,Africa,8
2016,Tonga,Oceania,27
2016,Trinidad and Tobago,South America,190
2016,Tunisia,Africa,19
2016,Turkey,Europe,183
2016,Turkmenistan,Asia,5
2016,Uganda,Africa,14
2016,Ukraine,Europe,111
2016,United Arab Emirates,Asia,3
2016,United KingDom,Europe,209
2016,Uruguay,South America,29
2016,Uzbekistan,Asia,45
2016,Venezuela,South America,190
2016,Vietnam,Asia,449
2016,Yemen,Asia,35
2016,Zambia,Africa,17
2016,Zimbabwe,Africa,24
2016,All other countries,Unknown,48
2016,Unknown,Unknown,247
2016,Total,,530250
2016,Afghanistan,Asia,85
2016,Albania,Europe,109
2016,Algeria,Africa,53
2016,Angola,Africa,19
2016,Antigua and Barbuda,North America,29
2016,Argentina,South America,154
2016,Armenia,Asia,94
2016,Australia,Oceania,23
2016,Austria,Europe,8
2016,Azerbaijan,Asia,33
2016,Bahamas,North America,142
2016,BanglaDesh,Asia,771
2016,Barbados,North America,20
2016,Belarus,Europe,21
2016,Belgium,Europe,10
2016,Belize,North America,159
2016,Benin,Africa,18
2016,Bhutan,Asia,25
2016,Bolivia,South America,118
2016,Bosnia and Herzegovina,Europe,115
2016,Brazil,South America,3699
2016,Bulgaria,Europe,28
2016,Burkina Faso,Africa,23
2016,Burma,Asia,61
2016,Burundi,Africa,12
2016,Cabo VerDe,Africa,68
2016,Cambodia,Asia,125
2016,Cameroon,Africa,66
2016,Canada,North America,495
2016,Central African Republic,Africa,6
2016,Chad,Africa,11
2016,Chile,South America,128
2016,"China, People's Republic",Asia,2378
2016,Colombia,South America,1335
2016,"Congo, Democratic Republic",Africa,39
2016,"Congo, Republic",Africa,25
2016,Costa Rica,North America,230
2016,Cote D'Ivoire,Africa,38
2016,Croatia,Europe,11
2016,Cuba,North America,2432
2016,Czechia,Europe,36
2016,Czechoslovakia (former),Europe,6
2016,Dominica,North America,20
2016,Dominican Republic,North America,2582
2016,Ecuador,South America,2568
2016,Egypt,Africa,156
2016,El Salvador,North America,59687
2016,Eritrea,Africa,47
2016,Estonia,Europe,18
2016,Ethiopia,Africa,79
2016,Fiji,Oceania,16
2016,France,Europe,76
2016,Gabon,Africa,11
2016,Gambia,Africa,87
2016,Georgia,Asia,54
2016,Germany,Europe,91
2016,Ghana,Africa,178
2016,Greece,Europe,22
2016,Grenada,North America,17
2016,Guatemala,North America,81909
2016,Guinea,Oceania,83
2016,Guyana,South America,159
2016,Haiti,North America,1211
2016,Honduras,North America,60169
2016,Hungary,Europe,122
2016,India,Asia,3682
2016,Indonesia,Oceania,117
2016,Iran,Asia,147
2016,Iraq,Asia,421
2016,Ireland,Europe,42
2016,Israel,Asia,156
2016,Italy,Europe,103
2016,Jamaica,North America,1072
2016,Japan,Asia,29
2016,Jordan,Asia,256
2016,Kazakhstan,Asia,37
2016,Kenya,Africa,166
2016,"Korea, South",Asia,182
2016,Kosovo,Europe,58
2016,Kuwait,Asia,37
2016,Kyrgyzstan,Asia,18
2016,Laos,Asia,203
2016,Latvia,Europe,21
2016,Lebanon,Asia,57
2016,Liberia,Africa,239
2016,Libya,Africa,18
2016,Lithuania,Europe,37
2016,Malawi,Africa,10
2016,Malaysia,Asia,17
2016,Mali,Africa,47
2016,Marshall Islands,Oceania,31
2016,Mauritania,Africa,21
2016,Mexico,North America,220138
2016,"Micronesia, FeDerated States",Oceania,125
2016,Moldova,Europe,59
2016,Mongolia,Asia,43
2016,Montenegro,Europe,13
2016,Morocco,Africa,97
2016,Nepal,Asia,680
2016,Netherlands,Europe,35
2016,New Zealand,Oceania,19
2016,Nicaragua,North America,1721
2016,Niger,Africa,13
2016,Nigeria,Africa,439
2016,North Macedonia,Europe,24
2016,Pakistan,Asia,476
2016,Palau,Oceania,16
2016,Panama,North America,78
2016,Paraguay,South America,11
2016,Peru,South America,837
2016,Philippines,Asia,280
2016,Poland,Europe,147
2016,Portugal,Europe,83
2016,Romania,Europe,810
2016,Russia,Europe,172
2016,Rwanda,Africa,15
2016,Saint Kitts and Nevis,North America,19
2016,Saint Lucia,North America,36
2016,Saint Vincent and the Grenadines,North America,15
2016,Samoa,Oceania,24
2016,Saudi Arabia,Asia,299
2016,Senegal,Africa,61
2016,Serbia,Europe,28
2016,Serbia and Montenegro (former),Europe,85
2016,Sierra Leone,Africa,74
2016,Singapore,Asia,0
2016,Slovakia,Europe,21
2016,Somalia,Africa,350
2016,South Africa,Africa,46
2016,South Sudan,Africa,33
2016,Soviet Union (former),Europe,35
2016,Spain,Europe,122
2016,Sri Lanka,Asia,87
2016,Sudan,Africa,93
2016,Suriname,South America,10
2016,SweDen,Europe,9
2016,Switzerland,Europe,3
2016,Syria,Asia,62
2016,Taiwan,Asia,32
2016,Tajikistan,Asia,16
2016,Tanzania,Africa,34
2016,Thailand,Asia,93
2016,Togo,Africa,21
2016,Tonga,Oceania,30
2016,Trinidad and Tobago,South America,214
2016,Tunisia,Africa,31
2016,Turkey,Europe,211
2016,Turkmenistan,Asia,0
2016,Uganda,Africa,18
2016,Ukraine,Europe,151
2016,United Arab Emirates,Asia,9
2016,United KingDom,Europe,205
2016,Uruguay,South America,72
2016,Uzbekistan,Asia,91
2016,Venezuela,South America,537
2016,Vietnam,Asia,644
2016,Yemen,Asia,460
2016,Zambia,Africa,43
2016,Zimbabwe,Africa,28
2016,All other countries,Unknown,59
2016,Unknown,Unknown,850
2016,Total,,461540
2017,Afghanistan,Asia,85
2017,Albania,Europe,109
2017,Algeria,Africa,53
2017,Angola,Africa,19
2017,Antigua and Barbuda,North America,29
2017,Argentina,South America,154
2017,Armenia,Asia,94
2017,Australia,Oceania,23
2017,Austria,Europe,8
2017,Azerbaijan,Asia,33
2017,Bahamas,North America,142
2017,BanglaDesh,Asia,771
2017,Barbados,North America,20
2017,Belarus,Europe,21
2017,Belgium,Europe,10
2017,Belize,North America,159
2017,Benin,Africa,18
2017,Bhutan,Asia,25
2017,Bolivia,South America,118
2017,Bosnia and Herzegovina,Europe,115
2017,Brazil,South America,3699
2017,Bulgaria,Europe,28
2017,Burkina Faso,Africa,23
2017,Burma,Asia,61
2017,Burundi,Africa,12
2017,Cabo VerDe,Africa,68
2017,Cambodia,Asia,125
2017,Cameroon,Africa,66
2017,Canada,North America,495
2017,Central African Republic,Africa,6
2017,Chad,Africa,11
2017,Chile,South America,128
2017,"China, People's Republic",Asia,2378
2017,Colombia,South America,1335
2017,"Congo, Democratic Republic",Africa,39
2017,"Congo, Republic",Africa,25
2017,Costa Rica,North America,230
2017,Cote D'Ivoire,Africa,38
2017,Croatia,Europe,11
2017,Cuba,North America,2432
2017,Czechia,Europe,36
2017,Czechoslovakia (former),Europe,6
2017,Dominica,North America,20
2017,Dominican Republic,North America,2582
2017,Ecuador,South America,2568
2017,Egypt,Africa,156
2017,El Salvador,North America,59687
2017,Eritrea,Africa,47
2017,Estonia,Europe,18
2017,Ethiopia,Africa,79
2017,Fiji,Oceania,16
2017,France,Europe,76
2017,Gabon,Africa,11
2017,Gambia,Africa,87
2017,Georgia,Asia,54
2017,Germany,Europe,91
2017,Ghana,Africa,178
2017,Greece,Europe,22
2017,Grenada,North America,17
2017,Guatemala,North America,81909
2017,Guinea,Oceania,83
2017,Guyana,South America,159
2017,Haiti,North America,1211
2017,Honduras,North America,60169
2017,Hungary,Europe,122
2017,India,Asia,3682
2017,Indonesia,Oceania,117
2017,Iran,Asia,147
2017,Iraq,Asia,421
2017,Ireland,Europe,42
2017,Israel,Asia,156
2017,Italy,Europe,103
2017,Jamaica,North America,1072
2017,Japan,Asia,29
2017,Jordan,Asia,256
2017,Kazakhstan,Asia,37
2017,Kenya,Africa,166
2017,"Korea, South",Asia,182
2017,Kosovo,Europe,58
2017,Kuwait,Asia,37
2017,Kyrgyzstan,Asia,18
2017,Laos,Asia,203
2017,Latvia,Europe,21
2017,Lebanon,Asia,57
2017,Liberia,Africa,239
2017,Libya,Africa,18
2017,Lithuania,Europe,37
2017,Malawi,Africa,10
2017,Malaysia,Asia,17
2017,Mali,Africa,47
2017,Marshall Islands,Oceania,31
2017,Mauritania,Africa,21
2017,Mexico,North America,220138
2017,"Micronesia, FeDerated States",Oceania,125
2017,Moldova,Europe,59
2017,Mongolia,Asia,43
2017,Montenegro,Europe,13
2017,Morocco,Africa,97
2017,Nepal,Asia,680
2017,Netherlands,Europe,35
2017,New Zealand,Oceania,19
2017,Nicaragua,North America,1721
2017,Niger,Africa,13
2017,Nigeria,Africa,439
2017,North Macedonia,Europe,24
2017,Pakistan,Asia,476
2017,Palau,Oceania,16
2017,Panama,North America,78
2017,Paraguay,South America,11
2017,Peru,South America,837
2017,Philippines,Asia,280
2017,Poland,Europe,147
2017,Portugal,Europe,83
2017,Romania,Europe,810
2017,Russia,Europe,172
2017,Rwanda,Africa,15
2017,Saint Kitts and Nevis,North America,19
2017,Saint Lucia,North America,36
2017,Saint Vincent and the Grenadines,North America,15
2017,Samoa,Oceania,24
2017,Saudi Arabia,Asia,299
2017,Senegal,Africa,61
2017,Serbia,Europe,28
2017,Serbia and Montenegro (former),Europe,85
2017,Sierra Leone,Africa,74
2017,Singapore,Asia,0
2017,Slovakia,Europe,21
2017,Somalia,Africa,350
2017,South Africa,Africa,46
2017,South Sudan,Africa,33
2017,Soviet Union (former),Europe,35
2017,Spain,Europe,122
2017,Sri Lanka,Asia,87
2017,Sudan,Africa,93
2017,Suriname,South America,10
2017,SweDen,Europe,9
2017,Switzerland,Europe,3
2017,Syria,Asia,62
2017,Taiwan,Asia,32
2017,Tajikistan,Asia,16
2017,Tanzania,Africa,34
2017,Thailand,Asia,93
2017,Togo,Africa,21
2017,Tonga,Oceania,30
2017,Trinidad and Tobago,South America,214
2017,Tunisia,Africa,31
2017,Turkey,Europe,211
2017,Turkmenistan,Asia,0
2017,Uganda,Africa,18
2017,Ukraine,Europe,151
2017,United Arab Emirates,Asia,9
2017,United KingDom,Europe,205
2017,Uruguay,South America,72
2017,Uzbekistan,Asia,91
2017,Venezuela,South America,537
2017,Vietnam,Asia,644
2017,Yemen,Asia,460
2017,Zambia,Africa,43
2017,Zimbabwe,Africa,28
2017,All other countries,Unknown,59
2017,Unknown,Unknown,850
2017,Total,,461540
2018,Afghanistan,Asia,69
2018,Albania,Europe,90
2018,Algeria,Africa,44
2018,Angola,Africa,29
2018,Antigua and Barbuda,North America,20
2018,Argentina,South America,143
2018,Armenia,Asia,93
2018,Australia,Oceania,37
2018,Austria,Europe,0
2018,Azerbaijan,Asia,52
2018,Bahamas,North America,157
2018,BanglaDesh,Asia,1395
2018,Barbados,North America,30
2018,Belarus,Europe,32
2018,Belgium,Europe,13
2018,Belize,North America,180
2018,Benin,Africa,19
2018,Bhutan,Asia,22
2018,Bolivia,South America,150
2018,Bosnia and Herzegovina,Europe,83
2018,Brazil,South America,2810
2018,Bulgaria,Europe,41
2018,Burkina Faso,Africa,36
2018,Burma,Asia,74
2018,Burundi,Africa,19
2018,Cabo VerDe,Africa,73
2018,Cambodia,Asia,339
2018,Cameroon,Africa,93
2018,Canada,North America,485
2018,Central African Republic,Africa,7
2018,Chad,Africa,15
2018,Chile,South America,189
2018,"China, People's Republic",Asia,2339
2018,Colombia,South America,1406
2018,"Congo, Democratic Republic",Africa,49
2018,"Congo, Republic",Africa,41
2018,Costa Rica,North America,250
2018,Cote D'Ivoire,Africa,103
2018,Croatia,Europe,18
2018,Cuba,North America,2321
2018,Czechia,Europe,71
2018,Czechoslovakia (former),Europe,6
2018,Dominica,North America,26
2018,Dominican Republic,North America,2628
2018,Ecuador,South America,2708
2018,Egypt,Africa,158
2018,El Salvador,North America,42132
2018,Eritrea,Africa,91
2018,Estonia,Europe,11
2018,Ethiopia,Africa,83
2018,Fiji,Oceania,29
2018,France,Europe,72
2018,Gabon,Africa,13
2018,Gambia,Africa,130
2018,Georgia,Asia,56
2018,Germany,Europe,83
2018,Ghana,Africa,275
2018,Greece,Europe,29
2018,Grenada,North America,17
2018,Guatemala,North America,135354
2018,Guinea,Oceania,147
2018,Guyana,South America,194
2018,Haiti,North America,818
2018,Honduras,North America,91141
2018,Hungary,Europe,103
2018,India,Asia,9953
2018,Indonesia,Oceania,124
2018,Iran,Asia,153
2018,Iraq,Asia,173
2018,Ireland,Europe,80
2018,Israel,Asia,196
2018,Italy,Europe,109
2018,Jamaica,North America,1216
2018,Japan,Asia,24
2018,Jordan,Asia,291
2018,Kazakhstan,Asia,75
2018,Kenya,Africa,229
2018,"Korea, South",Asia,225
2018,Kosovo,Europe,59
2018,Kuwait,Asia,31
2018,Kyrgyzstan,Asia,29
2018,Laos,Asia,180
2018,Latvia,Europe,18
2018,Lebanon,Asia,94
2018,Liberia,Africa,204
2018,Libya,Africa,24
2018,Lithuania,Europe,51
2018,Malawi,Africa,8
2018,Malaysia,Asia,23
2018,Mali,Africa,73
2018,Marshall Islands,Oceania,51
2018,Mauritania,Africa,85
2018,Mexico,North America,252267
2018,"Micronesia, FeDerated States",Oceania,115
2018,Moldova,Europe,49
2018,Mongolia,Asia,35
2018,Montenegro,Europe,17
2018,Morocco,Africa,98
2018,Nepal,Asia,775
2018,Netherlands,Europe,42
2018,New Zealand,Oceania,19
2018,Nicaragua,North America,4014
2018,Niger,Africa,22
2018,Nigeria,Africa,878
2018,North Macedonia,Europe,29
2018,Pakistan,Asia,438
2018,Palau,Oceania,6
2018,Panama,North America,88
2018,Paraguay,South America,21
2018,Peru,South America,1034
2018,Philippines,Asia,289
2018,Poland,Europe,204
2018,Portugal,Europe,92
2018,Romania,Europe,876
2018,Russia,Europe,229
2018,Rwanda,Africa,19
2018,Saint Kitts and Nevis,North America,17
2018,Saint Lucia,North America,35
2018,Saint Vincent and the Grenadines,North America,25
2018,Samoa,Oceania,39
2018,Saudi Arabia,Asia,197
2018,Senegal,Africa,96
2018,Serbia,Europe,27
2018,Serbia and Montenegro (former),Europe,16
2018,Sierra Leone,Africa,109
2018,Singapore,Asia,5
2018,Slovakia,Europe,36
2018,Somalia,Africa,282
2018,South Africa,Africa,60
2018,South Sudan,Africa,81
2018,Soviet Union (former),Europe,24
2018,Spain,Europe,195
2018,Sri Lanka,Asia,223
2018,Sudan,Africa,140
2018,Suriname,South America,22
2018,SweDen,Europe,19
2018,Switzerland,Europe,8
2018,Syria,Asia,47
2018,Taiwan,Asia,38
2018,Tajikistan,Asia,22
2018,Tanzania,Africa,38
2018,Thailand,Asia,153
2018,Togo,Africa,23
2018,Tonga,Oceania,26
2018,Trinidad and Tobago,South America,190
2018,Tunisia,Africa,32
2018,Turkey,Europe,295
2018,Turkmenistan,Asia,0
2018,Uganda,Africa,29
2018,Ukraine,Europe,201
2018,United Arab Emirates,Asia,9
2018,United KingDom,Europe,274
2018,Uruguay,South America,73
2018,Uzbekistan,Asia,101
2018,Venezuela,South America,544
2018,Vietnam,Asia,755
2018,Yemen,Asia,100
2018,Zambia,Africa,29
2018,Zimbabwe,Africa,43
2018,All other countries,Unknown,56
2018,Unknown,Unknown,2651
2018,Total,,572566
2019,Afghanistan,Asia,48
2019,Albania,Europe,89
2019,Algeria,Africa,36
2019,Angola,Africa,246
2019,Antigua and Barbuda,North America,13
2019,Argentina,South America,145
2019,Armenia,Asia,69
2019,Australia,Oceania,32
2019,Austria,Europe,5
2019,Azerbaijan,Asia,20
2019,Bahamas,North America,177
2019,BanglaDesh,Asia,1368
2019,Barbados,North America,34
2019,Belarus,Europe,25
2019,Belgium,Europe,7
2019,Belize,North America,289
2019,Benin,Africa,24
2019,Bhutan,Asia,32
2019,Bolivia,South America,134
2019,Bosnia and Herzegovina,Europe,83
2019,Brazil,South America,19168
2019,Bulgaria,Europe,25
2019,Burkina Faso,Africa,35
2019,Burma,Asia,68
2019,Burundi,Africa,20
2019,Cabo VerDe,Africa,51
2019,Cambodia,Asia,184
2019,Cameroon,Africa,307
2019,Canada,North America,565
2019,Central African Republic,Africa,11
2019,Chad,Africa,5
2019,Chile,South America,392
2019,"China, People's Republic",Asia,3006
2019,Colombia,South America,1604
2019,"Congo, Democratic Republic",Africa,685
2019,"Congo, Republic",Africa,229
2019,Costa Rica,North America,242
2019,Cote D'Ivoire,Africa,80
2019,Croatia,Europe,15
2019,Cuba,North America,14136
2019,Czechia,Europe,55
2019,Czechoslovakia (former),Europe,0
2019,Dominica,North America,25
2019,Dominican Republic,North America,2924
2019,Ecuador,South America,14503
2019,Egypt,Africa,94
2019,El Salvador,North America,99750
2019,Eritrea,Africa,93
2019,Estonia,Europe,10
2019,Ethiopia,Africa,61
2019,Fiji,Oceania,19
2019,France,Europe,87
2019,Gabon,Africa,12
2019,Gambia,Africa,120
2019,Georgia,Asia,70
2019,Germany,Europe,84
2019,Ghana,Africa,293
2019,Greece,Europe,35
2019,Grenada,North America,16
2019,Guatemala,North America,285067
2019,Guinea,Oceania,106
2019,Guyana,South America,126
2019,Haiti,North America,2830
2019,Honduras,North America,268992
2019,Hungary,Europe,63
2019,India,Asia,8926
2019,Indonesia,Oceania,100
2019,Iran,Asia,109
2019,Iraq,Asia,171
2019,Ireland,Europe,35
2019,Israel,Asia,172
2019,Italy,Europe,120
2019,Jamaica,North America,1054
2019,Japan,Asia,13
2019,Jordan,Asia,312
2019,Kazakhstan,Asia,75
2019,Kenya,Africa,225
2019,"Korea, South",Asia,205
2019,Kosovo,Europe,51
2019,Kuwait,Asia,28
2019,Kyrgyzstan,Asia,15
2019,Laos,Asia,166
2019,Latvia,Europe,17
2019,Lebanon,Asia,46
2019,Liberia,Africa,182
2019,Libya,Africa,9
2019,Lithuania,Europe,43
2019,Malawi,Africa,0
2019,Malaysia,Asia,24
2019,Mali,Africa,50
2019,Marshall Islands,Oceania,40
2019,Mauritania,Africa,64
2019,Mexico,North America,254595
2019,"Micronesia, FeDerated States",Oceania,90
2019,Moldova,Europe,37
2019,Mongolia,Asia,22
2019,Montenegro,Europe,14
2019,Morocco,Africa,60
2019,Nepal,Asia,372
2019,Netherlands,Europe,37
2019,New Zealand,Oceania,19
2019,Nicaragua,North America,14248
2019,Niger,Africa,26
2019,Nigeria,Africa,987
2019,North Macedonia,Europe,26
2019,Pakistan,Asia,392
2019,Palau,Oceania,16
2019,Panama,North America,88
2019,Paraguay,South America,9
2019,Peru,South America,1198
2019,Philippines,Asia,231
2019,Poland,Europe,161
2019,Portugal,Europe,86
2019,Romania,Europe,940
2019,Russia,Europe,172
2019,Rwanda,Africa,30
2019,Saint Kitts and Nevis,North America,10
2019,Saint Lucia,North America,27
2019,Saint Vincent and the Grenadines,North America,14
2019,Samoa,Oceania,22
2019,Saudi Arabia,Asia,137
2019,Senegal,Africa,76
2019,Serbia,Europe,31
2019,Serbia and Montenegro (former),Europe,12
2019,Sierra Leone,Africa,111
2019,Singapore,Asia,0
2019,Slovakia,Europe,26
2019,Somalia,Africa,143
2019,South Africa,Africa,54
2019,South Sudan,Africa,41
2019,Soviet Union (former),Europe,18
2019,Spain,Europe,202
2019,Sri Lanka,Asia,492
2019,Sudan,Africa,92
2019,Suriname,South America,5
2019,SweDen,Europe,8
2019,Switzerland,Europe,7
2019,Syria,Asia,25
2019,Taiwan,Asia,41
2019,Tajikistan,Asia,16
2019,Tanzania,Africa,32
2019,Thailand,Asia,82
2019,Togo,Africa,34
2019,Tonga,Oceania,26
2019,Trinidad and Tobago,South America,158
2019,Tunisia,Africa,33
2019,Turkey,Europe,199
2019,Turkmenistan,Asia,4
2019,Uganda,Africa,40
2019,Ukraine,Europe,183
2019,United Arab Emirates,Asia,5
2019,United KingDom,Europe,198
2019,Uruguay,South America,78
2019,Uzbekistan,Asia,177
2019,Venezuela,South America,2764
2019,Vietnam,Asia,1148
2019,Yemen,Asia,78
2019,Zambia,Africa,18
2019,Zimbabwe,Africa,31
2019,All other countries,Unknown,65
2019,Unknown,Unknown,1326
2019,Total,,1013539
2020,Afghanistan,Asia,26
2020,Albania,Europe,77
2020,Algeria,Africa,24
2020,Angola,Africa,325
2020,Antigua and Barbuda,North America,10
2020,Argentina,South America,93
2020,Armenia,Asia,53
2020,Australia,Oceania,22
2020,Austria,Europe,5
2020,Azerbaijan,Asia,20
2020,Bahamas,North America,141
2020,BanglaDesh,Asia,717
2020,Barbados,North America,4
2020,Belarus,Europe,12
2020,Belgium,Europe,8
2020,Belize,North America,107
2020,Benin,Africa,21
2020,Bhutan,Asia,13
2020,Bolivia,South America,80
2020,Bosnia and Herzegovina,Europe,67
2020,Brazil,South America,7917
2020,Bulgaria,Europe,23
2020,Burkina Faso,Africa,31
2020,Burma,Asia,61
2020,Burundi,Africa,18
2020,Cabo VerDe,Africa,46
2020,Cambodia,Asia,107
2020,Cameroon,Africa,167
2020,Canada,North America,491
2020,Central African Republic,Africa,6
2020,Chad,Africa,3
2020,Chile,South America,826
2020,"China, People's Republic",Asia,1964
2020,Colombia,South America,1199
2020,"Congo, Democratic Republic",Africa,360
2020,"Congo, Republic",Africa,87
2020,Costa Rica,North America,152
2020,Cote D'Ivoire,Africa,46
2020,Croatia,Europe,5
2020,Cuba,North America,11227
2020,Czechia,Europe,27
2020,Czechoslovakia (former),Europe,0
2020,Dominica,North America,16
2020,Dominican Republic,North America,2220
2020,Ecuador,South America,13028
2020,Egypt,Africa,99
2020,El Salvador,North America,23051
2020,Eritrea,Africa,91
2020,Estonia,Europe,8
2020,Ethiopia,Africa,61
2020,Fiji,Oceania,6
2020,France,Europe,79
2020,Gabon,Africa,6
2020,Gambia,Africa,59
2020,Georgia,Asia,37
2020,Germany,Europe,38
2020,Ghana,Africa,357
2020,Greece,Europe,11
2020,Grenada,North America,14
2020,Guatemala,North America,61382
2020,Guinea,Oceania,80
2020,Guyana,South America,100
2020,Haiti,North America,5820
2020,Honduras,North America,51011
2020,Hungary,Europe,42
2020,India,Asia,1717
2020,Indonesia,Oceania,110
2020,Iran,Asia,91
2020,Iraq,Asia,117
2020,Ireland,Europe,23
2020,Israel,Asia,112
2020,Italy,Europe,86
2020,Jamaica,North America,820
2020,Japan,Asia,8
2020,Jordan,Asia,253
2020,Kazakhstan,Asia,56
2020,Kenya,Africa,147
2020,"Korea, South",Asia,143
2020,Kosovo,Europe,45
2020,Kuwait,Asia,16
2020,Kyrgyzstan,Asia,12
2020,Laos,Asia,141
2020,Latvia,Europe,17
2020,Lebanon,Asia,57
2020,Liberia,Africa,132
2020,Libya,Africa,10
2020,Lithuania,Europe,24
2020,Malawi,Africa,4
2020,Malaysia,Asia,12
2020,Mali,Africa,26
2020,Marshall Islands,Oceania,41
2020,Mauritania,Africa,68
2020,Mexico,North America,318516
2020,"Micronesia, FeDerated States",Oceania,66
2020,Moldova,Europe,27
2020,Mongolia,Asia,18
2020,Montenegro,Europe,11
2020,Morocco,Africa,57
2020,Nepal,Asia,174
2020,Netherlands,Europe,18
2020,New Zealand,Oceania,19
2020,Nicaragua,North America,2739
2020,Niger,Africa,21
2020,Nigeria,Africa,551
2020,North Macedonia,Europe,6
2020,Pakistan,Asia,267
2020,Palau,Oceania,9
2020,Panama,North America,66
2020,Paraguay,South America,18
2020,Peru,South America,774
2020,Philippines,Asia,204
2020,Poland,Europe,126
2020,Portugal,Europe,48
2020,Romania,Europe,652
2020,Russia,Europe,151
2020,Rwanda,Africa,20
2020,Saint Kitts and Nevis,North America,0
2020,Saint Lucia,North America,24
2020,Saint Vincent and the Grenadines,North America,8
2020,Samoa,Oceania,10
2020,Saudi Arabia,Asia,94
2020,Senegal,Africa,45
2020,Serbia,Europe,16
2020,Serbia and Montenegro (former),Europe,10
2020,Sierra Leone,Africa,74
2020,Singapore,Asia,4
2020,Slovakia,Europe,16
2020,Somalia,Africa,113
2020,South Africa,Africa,43
2020,South Sudan,Africa,33
2020,Soviet Union (former),Europe,9
2020,Spain,Europe,132
2020,Sri Lanka,Asia,254
2020,Sudan,Africa,85
2020,Suriname,South America,5
2020,SweDen,Europe,8
2020,Switzerland,Europe,0
2020,Syria,Asia,25
2020,Taiwan,Asia,19
2020,Tajikistan,Asia,5
2020,Tanzania,Africa,26
2020,Thailand,Asia,54
2020,Togo,Africa,32
2020,Tonga,Oceania,14
2020,Trinidad and Tobago,South America,100
2020,Tunisia,Africa,25
2020,Turkey,Europe,186
2020,Turkmenistan,Asia,0
2020,Uganda,Africa,33
2020,Ukraine,Europe,86
2020,United Arab Emirates,Asia,3
2020,United KingDom,Europe,158
2020,Uruguay,South America,36
2020,Uzbekistan,Asia,93
2020,Venezuela,South America,1639
2020,Vietnam,Asia,618
2020,Yemen,Asia,51
2020,Zambia,Africa,23
2020,Zimbabwe,Africa,14
2020,All other countries,Unknown,47
2020,Unknown,Unknown,1271
2020,Total,,518597